{
  "project_info": {
    "project_number": "703892969678",
    "project_id": "mytodotasks-36ed9",
    "storage_bucket": "mytodotasks-36ed9.appspot.com"
  },
  "client": [
    {
      "client_info": {
        "mobilesdk_app_id": "1:703892969678:android:6a698be4fba999a471189f",
        "android_client_info": {
          "package_name": "com.example.todo_app_ui_ii_example"
        }
      },
      "oauth_client": [
        {
          "client_id": "703892969678-v2vk57v1bov22iq9os7kb40a1n0d66ga.apps.googleusercontent.com",
          "client_type": 3
        }
      ],
      "api_key": [
        {
          "current_key": "AIzaSyCLZe1Y0IgjiUO1j1ctetc0O4i_PLsukGM"
        }
      ],
      "services": {
        "appinvite_service": {
          "other_platform_oauth_client": [
            {
              "client_id": "703892969678-v2vk57v1bov22iq9os7kb40a1n0d66ga.apps.googleusercontent.com",
              "client_type": 3
            }
          ]
        }
      }
    }
  ],
  "configuration_version": "1"
}